<?xml version="1.0" standalone="no"?>
<!DOCTYPE svg PUBLIC "-//W3C//DTD SVG 1.1//EN" 
"http://www.w3.org/Graphics/SVG/1.1/DTD/svg11.dtd">


<svg width="500" height="300" viewBox="0 0 250 140"  
	xml:space="preserve" 
	xmlns="http://www.w3.org/2000/svg" 
	onload="myInit2(evt);"> 

<script> 
<![CDATA[
var SVGDoc=null; 
 function wsopen(event)
{
  alert("websocket " + event + " is open");
  ws.send("hello");

}

function wsmessage(event)
{
  data = event.data+"";
  d1=data.substr(0,data.indexOf('\r'));
  d2=data.substr(data.indexOf('\r')+1);
  var Path=SVGDoc.getElementById('graphData1'); 
Path.setAttribute( 'd', d1); 
Path=SVGDoc.getElementById('graphData2'); 
Path.setAttribute( 'd', d2); 

  
  //alert("received: [" + data + "]");
}

function wsclose(event)
{
//   item = document.getElementById("receive");
//  item.firstChild.nodeValue +=  " \n\nwebsocket is closed";
alert("websocket " + event + " is closed");
}

 
function myInit2(evt) { 
 SVGDoc = evt.target.ownerDocument; 
ws = new WebSocket("ws://127.0.0.1:8080/websocket2");
wsopen.ws = ws;
ws.onopen = wsopen;
ws.onmessage = wsmessage;
ws.onclose = wsclose;
} 
 
]]>
</script> 

 <g id="Chart" font-size="5"  transform="translate( 10, 100 ) rotate( -90 )"> 
 <defs> 
<pattern id="gridPattern" width="5" height="5" 
 patternUnits="userSpaceOnUse"> 
 <rect x="0" y="0" width="10" height="10"  
  style="fill:none;stroke:rgb(128,128,128);stroke-width:.1" /> 
 </pattern> 
 </defs> 
  
  <text x="-15" writing-mode="tb" y="8">10.0</text> 
 <text x="-10" writing-mode="tb" y="98">0.0</text> 
 <text x="0" y="208" writing-mode="tb">0.0</text> 
 <text x="90" y="208" writing-mode="tb">100.0</text> 
  
 <rect x="0" y="0" width="100" height="200"  fill="url(#gridPattern)" /> 
 <line x1="0" y1="200" x2="100" y2="200" style="stroke:black;" /> 
 <line x1="0" y1="0" x2="0" y2="200" style="stroke:black;" /> 
 
 </g>
 <g id="ChartData"> 
  <path id="graphData1"  stroke="darkorange" fill="none" d="M 10 60 "></path> 
  <path id="graphData2"  stroke="darkblue" fill="none" d="M 10 60 "></path> 
 </g> 

</svg> 
