<?xml version="1.0" standalone="no"?>
<!DOCTYPE svg PUBLIC "-//W3C//DTD SVG 1.1//EN" 
"http://www.w3.org/Graphics/SVG/1.1/DTD/svg11.dtd">


<svg width="500" height="300" viewBox="0 0 250 140"  
	xml:space="preserve" 
	xmlns="http://www.w3.org/2000/svg" 
	onload="myInit2(evt);"> 

<script> 
<![CDATA[
var SVGDoc=null; 
var count=0; 
 
   // request variable
  var request_var;

  // Request object method wrapper function
  function request_object()
  {
    try
    {
      return new ActiveXObject('Msxml2.XMLHTTP');
    }
      catch(e)
      {
        try
        {
        return new ActiveXObject('Microsoft.XMLHTTP');
        }
          catch(e)
          {
          return new XMLHttpRequest();
          }
      }
  }

  // Call the request object method wrapper function
  request_var=request_object();

  if(!request_var)
  {
    alert("Your Web browser does not support the XMLHttpRequest object.");
  }

  function load()
  {
    if(request_var.readyState==4)
    {
		 var Path=SVGDoc.getElementById('pondLevelData'); 
		 Path.setAttribute( 'd', request_var.responseText); 
    }
  }
 
function getData() { 

 if(request_var)
    {
    d=document;

    request_var.open("GET","10",true);
    request_var.onreadystatechange=load;
    request_var.send(null);
    }

 setTimeout( 'getData()', 250 ); 
} 
 
function myInit2(evt) { 
 SVGDoc = evt.target.ownerDocument; 
 var iW = SVGDoc.documentElement.getAttribute( 'width' ); 
 var iH = SVGDoc.documentElement.getAttribute( 'height' ); 
 setTimeout( 'getData()', 1000 ) 
} 
 
]]>
</script> 

 <g id="Chart" font-size="5"  transform="translate( 10, 100 ) rotate( -90 )"> 
 <defs> 
<pattern id="gridPattern" width="5" height="5" 
 patternUnits="userSpaceOnUse"> 
 <rect x="0" y="0" width="10" height="10"  
  style="fill:none;stroke:rgb(128,128,128);stroke-width:.1" /> 
 </pattern> 
 </defs> 
  
  <text x="-15" writing-mode="tb" y="8">10.0</text> 
 <text x="-10" writing-mode="tb" y="98">0.0</text> 
 <text x="0" y="208" writing-mode="tb">0.0</text> 
 <text x="90" y="208" writing-mode="tb">100.0</text> 
  
 <rect x="0" y="0" width="100" height="200"  fill="url(#gridPattern)" /> 
 <line x1="0" y1="200" x2="100" y2="200" style="stroke:black;" /> 
 <line x1="0" y1="0" x2="0" y2="200" style="stroke:black;" /> 
 
 </g>
   <g id="ChartData"> 
  <path id="pondLevelData"  stroke="darkorange" fill="none" d="M 10 60 "></path> 
 </g> 

</svg> 
